strain	mean_yfp	mean_rfp
schp688	1748	20754
schp684	3294	20585
schp690	3535	20593
schp687	4658	20860
schp686	5000	21171
schp685	7379	22956
schp683	9365	23866
schp689	8693	22649
schp679	2528	19906
schp675	3687	20438
schp681	3705	20227
schp678	4378	20630
schp677	3967	20604
schp676	2657	20223
schp674	1270	20316
schp680	1117	19377
