strain	insert_sequence	kozak_region
schp674	10×AAG	G
schp675	10×AAG	B
schp676	10×AAG	F
schp677	10×AAG	E
schp678	10×AAG	D
schp679	10×AAG	A
schp680	10×AAG	H
schp681	10×AAG	C
schp683	10×AGA	G
schp684	10×AGA	B
schp685	10×AGA	F
schp686	10×AGA	E
schp687	10×AGA	D
schp688	10×AGA	A
schp689	10×AGA	H
schp690	10×AGA	C
control	NA	NA
